Taille du graphe,Temps de calcul
100,0.00003500
200,0.00006500
300,0.00006500
400,0.00008200
500,0.00004600
600,0.00010400
700,0.00008600
800,0.00014100
900,0.00011200
1000,0.00008700
